phase,algo,servers,load_frac,load_pct,probe_rate,probe_label,effective_async_probes,target_qps,workers,bin_seconds,bin_index,timestamp,elapsed_s,p50_us,p90_us,p99_us,p99_9_us,avg_us,total_responses,ok_responses,error_responses,response_qps,error_qps,status_dist
1,prequal,20,1.5,150,4.0,4,4,750,30,5,0,2026-07-06T07:21:34.359,26.604,12400.0,49100.0,66000.0,95300.0,19842.868741542625,3695,3695,0,739.0,0.0,"{""200"": 3695}"
1,prequal,20,1.5,150,4.0,4,4,750,30,5,1,2026-07-06T07:21:39.359,31.604,12300.0,49000.0,62799.99999999999,94900.0,19918.60902255639,3724,3724,0,744.8,0.0,"{""200"": 3724}"
1,prequal,20,1.5,150,4.0,4,4,750,30,5,2,2026-07-06T07:21:44.359,36.604,12200.0,48700.0,60100.0,90400.0,19807.679957184908,3737,3737,0,747.4,0.0,"{""200"": 3737}"
1,prequal,20,1.5,150,4.0,4,4,750,30,5,3,2026-07-06T07:21:49.359,41.604,12400.0,48600.0,58500.0,88700.0,19916.238630283573,3738,3738,0,747.6,0.0,"{""200"": 3738}"
1,prequal,20,1.5,150,4.0,4,4,750,30,5,4,2026-07-06T07:21:54.359,46.604,12100.0,48800.0,62100.0,94200.0,19764.406325381937,3731,3731,0,746.2,0.0,"{""200"": 3731}"
1,prequal,20,1.5,150,4.0,4,4,750,30,5,5,2026-07-06T07:21:59.359,51.604,12300.0,48600.0,61100.0,86700.0,20006.932548179873,3736,3736,0,747.2,0.0,"{""200"": 3736}"
1,prequal,20,1.5,150,4.0,4,4,750,30,5,6,2026-07-06T07:22:04.359,56.604,12200.0,48500.0,61800.0,88900.0,20140.8201554543,3731,3731,0,746.2,0.0,"{""200"": 3731}"
1,prequal,20,1.5,150,4.0,4,4,750,30,5,7,2026-07-06T07:22:09.359,61.604,12300.0,48600.0,57800.0,84100.0,19964.581662657045,3741,3741,0,748.2,0.0,"{""200"": 3741}"
1,prequal,20,1.5,150,4.0,4,4,750,30,5,8,2026-07-06T07:22:14.359,66.604,12200.0,48700.0,61300.0,91900.0,19772.73701124799,3734,3734,0,746.8,0.0,"{""200"": 3734}"
1,prequal,20,1.5,150,4.0,4,4,750,30,5,9,2026-07-06T07:22:19.359,71.604,12300.0,48700.0,57600.0,84100.0,19767.103854389723,3736,3736,0,747.2,0.0,"{""200"": 3736}"
1,prequal,20,1.5,150,4.0,4,4,750,30,5,10,2026-07-06T07:22:24.359,76.604,12200.0,49100.0,67200.0,93100.0,20199.78494623656,3720,3720,0,744.0,0.0,"{""200"": 3720}"
1,prequal,20,1.5,150,4.0,4,4,750,30,5,11,2026-07-06T07:22:29.359,81.604,12300.0,48500.0,62900.0,90400.0,19792.384017162778,3729,3729,0,745.8,0.0,"{""200"": 3729}"
1,prequal,20,1.5,150,4.0,4,4,750,30,5,12,2026-07-06T07:22:34.359,86.604,12300.0,48800.0,61100.0,93600.0,19989.657020364415,3732,3732,0,746.4,0.0,"{""200"": 3732}"
1,prequal,20,1.5,150,4.0,4,4,750,30,5,13,2026-07-06T07:22:39.359,91.604,12200.0,48600.0,59100.0,91800.0,19598.151125401928,3732,3732,0,746.4,0.0,"{""200"": 3732}"
1,prequal,20,1.5,150,4.0,4,4,750,30,5,14,2026-07-06T07:22:44.359,96.604,12200.0,48800.0,58500.0,87600.0,19837.018201284798,3736,3736,0,747.2,0.0,"{""200"": 3736}"
1,prequal,20,1.5,150,4.0,4,4,750,30,5,15,2026-07-06T07:22:49.359,101.604,12300.0,48700.0,58900.0,89700.0,19719.57742711955,3739,3739,0,747.8,0.0,"{""200"": 3739}"
1,prequal,20,1.5,150,4.0,4,4,750,30,5,16,2026-07-06T07:22:54.359,106.604,12300.0,48300.0,60300.0,90900.0,19757.552222817354,3734,3734,0,746.8,0.0,"{""200"": 3734}"
1,prequal,20,1.5,150,4.0,4,4,750,30,5,17,2026-07-06T07:22:59.359,111.604,12300.0,48500.0,62200.0,94000.0,19911.236256369,3729,3729,0,745.8,0.0,"{""200"": 3729}"
1,prequal,20,1.5,150,4.0,4,4,750,30,5,18,2026-07-06T07:23:04.359,116.604,12200.0,48800.0,61000.0,87400.0,19495.691731335297,3737,3737,0,747.4,0.0,"{""200"": 3737}"
1,prequal,20,1.5,150,4.0,4,4,750,30,5,19,2026-07-06T07:23:09.359,121.604,12300.0,48900.0,61800.0,93100.0,19771.152815013404,3730,3730,0,746.0,0.0,"{""200"": 3730}"
1,prequal,20,1.5,150,4.0,4,4,750,30,5,20,2026-07-06T07:23:14.359,126.604,12300.0,48500.0,61500.0,88500.0,19789.47509373326,3734,3734,0,746.8,0.0,"{""200"": 3734}"
1,prequal,20,1.5,150,4.0,4,4,750,30,5,21,2026-07-06T07:23:19.359,131.604,12300.0,48500.0,57700.0,87200.0,19570.55837563452,3743,3743,0,748.6,0.0,"{""200"": 3743}"
1,prequal,20,1.5,150,4.0,4,4,750,30,5,22,2026-07-06T07:23:24.359,136.604,12300.0,48500.0,58900.0,89000.0,19757.315112540193,3732,3732,0,746.4,0.0,"{""200"": 3732}"
1,prequal,20,1.5,150,4.0,4,4,750,30,5,23,2026-07-06T07:23:29.359,141.604,12200.0,48500.0,60100.0,88000.0,19657.066381156317,3736,3736,0,747.2,0.0,"{""200"": 3736}"
1,prequal,20,1.5,150,4.0,4,4,750,30,5,24,2026-07-06T07:23:34.359,146.604,12200.0,48300.0,59700.0,91600.0,19713.413654618475,3735,3735,0,747.0,0.0,"{""200"": 3735}"
1,prequal,20,1.5,150,4.0,4,4,750,30,5,25,2026-07-06T07:23:39.359,151.604,12200.0,48600.0,58500.0,90900.0,19843.458445040214,3730,3730,0,746.0,0.0,"{""200"": 3730}"
1,prequal,20,1.5,150,4.0,4,4,750,30,5,26,2026-07-06T07:23:44.359,156.604,12200.0,48700.0,57700.0,82900.0,19707.830037413147,3742,3742,0,748.4,0.0,"{""200"": 3742}"
1,prequal,20,1.5,150,4.0,4,4,750,30,5,27,2026-07-06T07:23:49.359,161.604,12300.0,49000.0,61700.0,95300.0,20200.05367686527,3726,3726,0,745.2,0.0,"{""200"": 3726}"
1,prequal,20,1.5,150,4.0,4,4,750,30,5,28,2026-07-06T07:23:54.359,166.604,12200.0,48600.0,58600.0,85800.0,19855.78158458244,3736,3736,0,747.2,0.0,"{""200"": 3736}"
1,prequal,20,1.5,150,4.0,4,4,750,30,5,29,2026-07-06T07:23:59.359,171.604,12200.0,48700.0,60500.0,93600.0,20066.73813990887,3731,3731,0,746.2,0.0,"{""200"": 3731}"
1,prequal,20,1.5,150,4.0,4,4,750,30,5,30,2026-07-06T07:24:04.359,176.604,12300.0,48100.0,57200.0,84600.0,19647.566844919787,3740,3740,0,748.0,0.0,"{""200"": 3740}"
1,prequal,20,1.5,150,4.0,4,4,750,30,5,31,2026-07-06T07:24:09.359,181.604,12200.0,49200.0,63100.0,94900.0,20068.99785637728,3732,3732,0,746.4,0.0,"{""200"": 3732}"
1,prequal,20,1.5,150,4.0,4,4,750,30,5,32,2026-07-06T07:24:14.359,186.604,12400.0,48200.0,58200.0,93200.0,19680.914194065757,3741,3741,0,748.2,0.0,"{""200"": 3741}"
1,prequal,20,1.5,150,4.0,4,4,750,30,5,33,2026-07-06T07:24:19.359,191.604,12300.0,48400.0,67100.0,93900.0,19898.253157753294,3721,3721,0,744.2,0.0,"{""200"": 3721}"
1,prequal,20,1.5,150,4.0,4,4,750,30,5,34,2026-07-06T07:24:24.359,196.604,12300.0,48300.0,57700.0,91800.0,19690.93825180433,3741,3741,0,748.2,0.0,"{""200"": 3741}"
1,prequal,20,1.5,150,4.0,4,4,750,30,5,35,2026-07-06T07:24:29.359,201.604,12300.0,48700.0,58000.0,87700.0,19740.05354752343,3735,3735,0,747.0,0.0,"{""200"": 3735}"
1,prequal,20,1.5,150,4.0,4,4,750,30,5,36,2026-07-06T07:24:34.359,206.604,12100.0,48900.0,60500.0,88900.0,20004.523554603853,3736,3736,0,747.2,0.0,"{""200"": 3736}"
1,prequal,20,1.5,150,4.0,4,4,750,30,5,37,2026-07-06T07:24:39.359,211.604,12300.0,48300.0,57200.0,89300.0,19659.207708779442,3736,3736,0,747.2,0.0,"{""200"": 3736}"
1,prequal,20,1.5,150,4.0,4,4,750,30,5,38,2026-07-06T07:24:44.359,216.604,12300.0,48900.0,57900.0,90200.0,19675.26766595289,3736,3736,0,747.2,0.0,"{""200"": 3736}"
1,prequal,20,1.5,150,4.0,4,4,750,30,5,39,2026-07-06T07:24:49.359,221.604,12300.0,48400.0,58600.0,89500.0,19811.7032672737,3734,3734,0,746.8,0.0,"{""200"": 3734}"
1,prequal,20,1.5,150,4.0,4,4,750,30,5,40,2026-07-06T07:24:54.359,226.604,12200.0,48400.0,59200.0,88300.0,19818.678084024617,3737,3737,0,747.4,0.0,"{""200"": 3737}"
1,prequal,20,1.5,150,4.0,4,4,750,30,5,41,2026-07-06T07:24:59.359,231.604,12400.0,49100.0,61800.0,90900.0,20080.471470667024,3733,3733,0,746.6,0.0,"{""200"": 3733}"
1,prequal,20,1.5,150,4.0,4,4,750,30,5,42,2026-07-06T07:25:04.359,236.604,12300.0,48900.0,58800.0,88300.0,19749.15707786995,3737,3737,0,747.4,0.0,"{""200"": 3737}"
1,prequal,20,1.5,150,4.0,4,4,750,30,5,43,2026-07-06T07:25:09.359,241.604,12400.0,49100.0,59600.0,93800.0,19897.18875502008,3735,3735,0,747.0,0.0,"{""200"": 3735}"
1,prequal,20,1.5,150,4.0,4,4,750,30,5,44,2026-07-06T07:25:14.359,246.604,12300.0,49000.0,62700.00000000001,90500.0,19937.737871884212,3731,3731,0,746.2,0.0,"{""200"": 3731}"
1,prequal,20,1.5,150,4.0,4,4,750,30,5,45,2026-07-06T07:25:19.359,251.604,12200.0,48600.0,57800.0,85000.0,20072.71753681392,3735,3735,0,747.0,0.0,"{""200"": 3735}"
1,prequal,20,1.5,150,4.0,4,4,750,30,5,46,2026-07-06T07:25:24.359,256.604,12200.0,48300.0,58600.0,87700.0,19715.38255751739,3738,3738,0,747.6,0.0,"{""200"": 3738}"
1,prequal,20,1.5,150,4.0,4,4,750,30,5,47,2026-07-06T07:25:29.359,261.604,12200.0,48500.0,62200.0,88100.0,19746.98472259448,3731,3731,0,746.2,0.0,"{""200"": 3731}"
2,prequal,20,1.5,150,2.8284271247461903,2sqrt2,2,750,30,5,0,2026-07-06T07:26:05.489,297.734,12200.0,48000.0,57300.0,92200.0,19355.53455723542,3704,3704,0,740.8,0.0,"{""200"": 3704}"
2,prequal,20,1.5,150,2.8284271247461903,2sqrt2,2,750,30,5,1,2026-07-06T07:26:10.489,302.734,12400.0,48000.0,58800.0,89900.0,19599.35691318328,3732,3732,0,746.4,0.0,"{""200"": 3732}"
2,prequal,20,1.5,150,2.8284271247461903,2sqrt2,2,750,30,5,2,2026-07-06T07:26:15.489,307.734,12300.0,47700.0,60500.0,91600.0,19454.530831099197,3730,3730,0,746.0,0.0,"{""200"": 3730}"
2,prequal,20,1.5,150,2.8284271247461903,2sqrt2,2,750,30,5,3,2026-07-06T07:26:20.489,312.734,12300.0,48000.0,58100.0,84000.0,19340.374331550804,3740,3740,0,748.0,0.0,"{""200"": 3740}"
2,prequal,20,1.5,150,2.8284271247461903,2sqrt2,2,750,30,5,4,2026-07-06T07:26:25.489,317.734,12400.0,47900.0,58900.0,87400.0,19523.78016085791,3730,3730,0,746.0,0.0,"{""200"": 3730}"
2,prequal,20,1.5,150,2.8284271247461903,2sqrt2,2,750,30,5,5,2026-07-06T07:26:30.489,322.734,12300.0,48300.0,60100.0,88500.0,19450.99142550911,3732,3732,0,746.4,0.0,"{""200"": 3732}"
2,prequal,20,1.5,150,2.8284271247461903,2sqrt2,2,750,30,5,6,2026-07-06T07:26:35.489,327.734,12500.0,48000.0,58100.0,87200.0,19330.61279100883,3737,3737,0,747.4,0.0,"{""200"": 3737}"
2,prequal,20,1.5,150,2.8284271247461903,2sqrt2,2,750,30,5,7,2026-07-06T07:26:40.489,332.734,12300.0,48100.0,56200.0,85500.0,19149.412079102083,3742,3742,0,748.4,0.0,"{""200"": 3742}"
2,prequal,20,1.5,150,2.8284271247461903,2sqrt2,2,750,30,5,8,2026-07-06T07:26:45.489,337.734,12200.0,48000.0,58300.0,91500.0,19479.196787148594,3735,3735,0,747.0,0.0,"{""200"": 3735}"
2,prequal,20,1.5,150,2.8284271247461903,2sqrt2,2,750,30,5,9,2026-07-06T07:26:50.489,342.734,12200.0,47600.0,58100.0,87100.0,19498.956940358385,3739,3739,0,747.8,0.0,"{""200"": 3739}"
2,prequal,20,1.5,150,2.8284271247461903,2sqrt2,2,750,30,5,10,2026-07-06T07:26:55.489,347.734,12200.0,47600.0,58300.0,89700.0,19161.146838156485,3732,3732,0,746.4,0.0,"{""200"": 3732}"
2,prequal,20,1.5,150,2.8284271247461903,2sqrt2,2,750,30,5,11,2026-07-06T07:27:00.489,352.734,12300.0,47600.0,55900.0,84300.0,19427.32869379015,3736,3736,0,747.2,0.0,"{""200"": 3736}"
2,prequal,20,1.5,150,2.8284271247461903,2sqrt2,2,750,30,5,12,2026-07-06T07:27:05.489,357.734,12400.0,47800.0,55600.0,84100.0,19272.907194437015,3739,3739,0,747.8,0.0,"{""200"": 3739}"
2,prequal,20,1.5,150,2.8284271247461903,2sqrt2,2,750,30,5,13,2026-07-06T07:27:10.489,362.734,12200.0,47900.0,57900.0,88800.0,19338.41218925421,3741,3741,0,748.2,0.0,"{""200"": 3741}"
2,prequal,20,1.5,150,2.8284271247461903,2sqrt2,2,750,30,5,14,2026-07-06T07:27:15.489,367.734,12400.0,48000.0,58400.0,92800.0,19550.62985794693,3731,3731,0,746.2,0.0,"{""200"": 3731}"
2,prequal,20,1.5,150,2.8284271247461903,2sqrt2,2,750,30,5,15,2026-07-06T07:27:20.489,372.734,12300.0,48000.0,57100.0,89800.0,19434.991974317818,3738,3738,0,747.6,0.0,"{""200"": 3738}"
2,prequal,20,1.5,150,2.8284271247461903,2sqrt2,2,750,30,5,16,2026-07-06T07:27:25.489,377.734,12300.0,47800.0,57300.0,88100.0,19531.387252276378,3734,3734,0,746.8,0.0,"{""200"": 3734}"
2,prequal,20,1.5,150,2.8284271247461903,2sqrt2,2,750,30,5,17,2026-07-06T07:27:30.489,382.734,12200.0,47700.0,60600.0,90100.0,19449.705409748258,3734,3734,0,746.8,0.0,"{""200"": 3734}"
2,prequal,20,1.5,150,2.8284271247461903,2sqrt2,2,750,30,5,18,2026-07-06T07:27:35.489,387.734,12300.0,48100.0,62100.0,90000.0,19752.98687382802,3733,3733,0,746.6,0.0,"{""200"": 3733}"
2,prequal,20,1.5,150,2.8284271247461903,2sqrt2,2,750,30,5,19,2026-07-06T07:27:40.489,392.734,12300.0,47800.0,60300.0,91200.0,19370.278969957082,3728,3728,0,745.6,0.0,"{""200"": 3728}"
2,prequal,20,1.5,150,2.8284271247461903,2sqrt2,2,750,30,5,20,2026-07-06T07:27:45.489,397.734,12300.0,47900.0,59300.0,89100.0,19374.09590141977,3733,3733,0,746.6,0.0,"{""200"": 3733}"
2,prequal,20,1.5,150,2.8284271247461903,2sqrt2,2,750,30,5,21,2026-07-06T07:27:50.489,402.734,12300.0,47700.0,56300.0,84000.0,19420.71180090982,3737,3737,0,747.4,0.0,"{""200"": 3737}"
2,prequal,20,1.5,150,2.8284271247461903,2sqrt2,2,750,30,5,22,2026-07-06T07:27:55.489,407.734,12200.0,47500.0,59100.0,87000.0,19254.633101231924,3734,3734,0,746.8,0.0,"{""200"": 3734}"
2,prequal,20,1.5,150,2.8284271247461903,2sqrt2,2,750,30,5,23,2026-07-06T07:28:00.489,412.734,12300.0,47800.0,58900.0,89500.0,19487.657295850066,3735,3735,0,747.0,0.0,"{""200"": 3735}"
2,prequal,20,1.5,150,2.8284271247461903,2sqrt2,2,750,30,5,24,2026-07-06T07:28:05.489,417.734,12300.0,47400.0,56900.0,90700.0,19408.302088912693,3734,3734,0,746.8,0.0,"{""200"": 3734}"
2,prequal,20,1.5,150,2.8284271247461903,2sqrt2,2,750,30,5,25,2026-07-06T07:28:10.489,422.734,12300.0,48300.0,61100.0,94200.0,19493.962972900455,3727,3727,0,745.4,0.0,"{""200"": 3727}"
2,prequal,20,1.5,150,2.8284271247461903,2sqrt2,2,750,30,5,26,2026-07-06T07:28:15.489,427.734,12300.0,48100.0,61900.0,89700.0,19673.76038595551,3731,3731,0,746.2,0.0,"{""200"": 3731}"
2,prequal,20,1.5,150,2.8284271247461903,2sqrt2,2,750,30,5,27,2026-07-06T07:28:20.489,432.734,12200.0,47800.0,58700.0,93200.0,19382.882400214305,3733,3733,0,746.6,0.0,"{""200"": 3733}"
2,prequal,20,1.5,150,2.8284271247461903,2sqrt2,2,750,30,5,28,2026-07-06T07:28:25.489,437.734,12100.0,47800.0,57300.0,89800.0,19382.81584582441,3736,3736,0,747.2,0.0,"{""200"": 3736}"
2,prequal,20,1.5,150,2.8284271247461903,2sqrt2,2,750,30,5,29,2026-07-06T07:28:30.489,442.734,12000.0,47700.0,57300.0,86000.0,19541.86295503212,3736,3736,0,747.2,0.0,"{""200"": 3736}"
2,prequal,20,1.5,150,2.8284271247461903,2sqrt2,2,750,30,5,30,2026-07-06T07:28:35.489,447.734,12300.0,47700.0,57100.0,93800.0,19213.62784471218,3735,3735,0,747.0,0.0,"{""200"": 3735}"
2,prequal,20,1.5,150,2.8284271247461903,2sqrt2,2,750,30,5,31,2026-07-06T07:28:40.489,452.734,12300.0,48300.0,59000.0,89700.0,19559.973190348526,3730,3730,0,746.0,0.0,"{""200"": 3730}"
2,prequal,20,1.5,150,2.8284271247461903,2sqrt2,2,750,30,5,32,2026-07-06T07:28:45.489,457.734,12200.0,47900.0,59400.0,86600.0,19442.386058981232,3730,3730,0,746.0,0.0,"{""200"": 3730}"
2,prequal,20,1.5,150,2.8284271247461903,2sqrt2,2,750,30,5,33,2026-07-06T07:28:50.489,462.734,12400.0,48200.0,59800.0,87900.0,19480.734190782423,3732,3732,0,746.4,0.0,"{""200"": 3732}"
2,prequal,20,1.5,150,2.8284271247461903,2sqrt2,2,750,30,5,34,2026-07-06T07:28:55.489,467.734,12200.0,47900.0,60800.0,89400.0,19566.881201394477,3729,3729,0,745.8,0.0,"{""200"": 3729}"
2,prequal,20,1.5,150,2.8284271247461903,2sqrt2,2,750,30,5,35,2026-07-06T07:29:00.489,472.734,12200.0,48200.0,60200.0,87900.0,19637.18189124029,3733,3733,0,746.6,0.0,"{""200"": 3733}"
2,prequal,20,1.5,150,2.8284271247461903,2sqrt2,2,750,30,5,36,2026-07-06T07:29:05.489,477.734,12100.0,47900.0,56100.0,91600.0,19151.70013386881,3735,3735,0,747.0,0.0,"{""200"": 3735}"
2,prequal,20,1.5,150,2.8284271247461903,2sqrt2,2,750,30,5,37,2026-07-06T07:29:10.489,482.734,12200.0,47800.0,56200.0,89400.0,19239.65747926144,3737,3737,0,747.4,0.0,"{""200"": 3737}"
2,prequal,20,1.5,150,2.8284271247461903,2sqrt2,2,750,30,5,38,2026-07-06T07:29:15.489,487.734,12400.0,47600.0,55900.0,86700.0,19045.401069518717,3740,3740,0,748.0,0.0,"{""200"": 3740}"
2,prequal,20,1.5,150,2.8284271247461903,2sqrt2,2,750,30,5,39,2026-07-06T07:29:20.489,492.734,12300.0,47800.0,58500.0,88500.0,19523.594001071237,3734,3734,0,746.8,0.0,"{""200"": 3734}"
2,prequal,20,1.5,150,2.8284271247461903,2sqrt2,2,750,30,5,40,2026-07-06T07:29:25.489,497.734,12300.0,47900.0,57900.0,84800.0,19345.155246252678,3736,3736,0,747.2,0.0,"{""200"": 3736}"
2,prequal,20,1.5,150,2.8284271247461903,2sqrt2,2,750,30,5,41,2026-07-06T07:29:30.489,502.734,12200.0,47800.0,59600.0,86000.0,19412.04174471501,3737,3737,0,747.4,0.0,"{""200"": 3737}"
2,prequal,20,1.5,150,2.8284271247461903,2sqrt2,2,750,30,5,42,2026-07-06T07:29:35.489,507.734,12300.0,47700.0,56200.0,94800.0,19217.210920770878,3736,3736,0,747.2,0.0,"{""200"": 3736}"
2,prequal,20,1.5,150,2.8284271247461903,2sqrt2,2,750,30,5,43,2026-07-06T07:29:40.489,512.734,12400.0,47700.0,59200.0,87400.0,19252.747252747253,3731,3731,0,746.2,0.0,"{""200"": 3731}"
2,prequal,20,1.5,150,2.8284271247461903,2sqrt2,2,750,30,5,44,2026-07-06T07:29:45.489,517.734,12300.0,48300.0,61400.0,92500.0,19725.912017167382,3728,3728,0,745.6,0.0,"{""200"": 3728}"
2,prequal,20,1.5,150,2.8284271247461903,2sqrt2,2,750,30,5,45,2026-07-06T07:29:50.489,522.734,12400.0,47600.0,56400.0,87600.0,19337.496656860123,3739,3739,0,747.8,0.0,"{""200"": 3739}"
2,prequal,20,1.5,150,2.8284271247461903,2sqrt2,2,750,30,5,46,2026-07-06T07:29:55.489,527.734,12400.0,48100.0,57400.0,86400.0,19338.21638993037,3734,3734,0,746.8,0.0,"{""200"": 3734}"
2,prequal,20,1.5,150,2.8284271247461903,2sqrt2,2,750,30,5,47,2026-07-06T07:30:00.489,532.734,12400.0,48200.0,58100.0,87700.0,19552.62172284644,3738,3738,0,747.6,0.0,"{""200"": 3738}"
3,prequal,20,1.5,150,2.0,2,2,750,30,5,0,2026-07-06T07:30:36.797,569.043,12300.0,48600.0,61100.0,89400.0,19813.308087638627,3697,3697,0,739.4,0.0,"{""200"": 3697}"
3,prequal,20,1.5,150,2.0,2,2,750,30,5,1,2026-07-06T07:30:41.797,574.043,12300.0,48400.0,57700.0,86900.0,19442.17286593524,3737,3737,0,747.4,0.0,"{""200"": 3737}"
3,prequal,20,1.5,150,2.0,2,2,750,30,5,2,2026-07-06T07:30:46.797,579.043,12200.0,48100.0,60500.0,90700.0,19468.418230563002,3730,3730,0,746.0,0.0,"{""200"": 3730}"
3,prequal,20,1.5,150,2.0,2,2,750,30,5,3,2026-07-06T07:30:51.797,584.043,12300.0,47700.0,60000.0,88400.0,19543.428111587982,3728,3728,0,745.6,0.0,"{""200"": 3728}"
3,prequal,20,1.5,150,2.0,2,2,750,30,5,4,2026-07-06T07:30:56.797,589.043,12300.0,48500.0,60600.0,91900.0,19547.948511665327,3729,3729,0,745.8,0.0,"{""200"": 3729}"
3,prequal,20,1.5,150,2.0,2,2,750,30,5,5,2026-07-06T07:31:01.797,594.043,12300.0,48100.0,61800.0,86000.0,19757.851018220794,3732,3732,0,746.4,0.0,"{""200"": 3732}"
3,prequal,20,1.5,150,2.0,2,2,750,30,5,6,2026-07-06T07:31:06.797,599.043,12300.0,48200.0,59500.0,85600.0,19445.529978586725,3736,3736,0,747.2,0.0,"{""200"": 3736}"
3,prequal,20,1.5,150,2.0,2,2,750,30,5,7,2026-07-06T07:31:11.797,604.043,12300.0,48300.0,57000.0,80900.0,19649.73276322822,3742,3742,0,748.4,0.0,"{""200"": 3742}"
3,prequal,20,1.5,150,2.0,2,2,750,30,5,8,2026-07-06T07:31:16.797,609.043,12300.0,48400.0,60300.0,88800.0,19388.397642015007,3732,3732,0,746.4,0.0,"{""200"": 3732}"
3,prequal,20,1.5,150,2.0,2,2,750,30,5,9,2026-07-06T07:31:21.797,614.043,12300.0,48300.0,60400.0,88000.0,19558.565310492504,3736,3736,0,747.2,0.0,"{""200"": 3736}"
3,prequal,20,1.5,150,2.0,2,2,750,30,5,10,2026-07-06T07:31:26.797,619.043,12300.0,47900.0,57900.0,89400.0,19465.25582641307,3733,3733,0,746.6,0.0,"{""200"": 3733}"
3,prequal,20,1.5,150,2.0,2,2,750,30,5,11,2026-07-06T07:31:31.797,624.043,12600.0,48400.0,63100.0,88400.0,19781.452693647814,3731,3731,0,746.2,0.0,"{""200"": 3731}"
3,prequal,20,1.5,150,2.0,2,2,750,30,5,12,2026-07-06T07:31:36.797,629.043,12300.0,47700.0,57600.0,88200.0,19598.258773104742,3733,3733,0,746.6,0.0,"{""200"": 3733}"
3,prequal,20,1.5,150,2.0,2,2,750,30,5,13,2026-07-06T07:31:41.797,634.043,12300.0,47800.0,57800.0,85100.0,19615.95289079229,3736,3736,0,747.2,0.0,"{""200"": 3736}"
3,prequal,20,1.5,150,2.0,2,2,750,30,5,14,2026-07-06T07:31:46.797,639.043,12300.0,48300.0,60500.0,91500.0,19608.94483128013,3734,3734,0,746.8,0.0,"{""200"": 3734}"
3,prequal,20,1.5,150,2.0,2,2,750,30,5,15,2026-07-06T07:31:51.797,644.043,12300.0,48100.0,56500.0,89500.0,19621.05967353492,3737,3737,0,747.4,0.0,"{""200"": 3737}"
3,prequal,20,1.5,150,2.0,2,2,750,30,5,16,2026-07-06T07:31:56.797,649.043,12300.0,48300.0,55800.0,86800.0,19090.189788826516,3741,3741,0,748.2,0.0,"{""200"": 3741}"
3,prequal,20,1.5,150,2.0,2,2,750,30,5,17,2026-07-06T07:32:01.797,654.043,12300.0,47900.0,56200.0,86900.0,19368.39710998127,3737,3737,0,747.4,0.0,"{""200"": 3737}"
3,prequal,20,1.5,150,2.0,2,2,750,30,5,18,2026-07-06T07:32:06.797,659.043,12400.0,47900.0,57700.0,91300.0,19319.87693953986,3738,3738,0,747.6,0.0,"{""200"": 3738}"
3,prequal,20,1.5,150,2.0,2,2,750,30,5,19,2026-07-06T07:32:11.797,664.043,12400.0,48300.0,56700.0,83500.0,19571.279443254818,3736,3736,0,747.2,0.0,"{""200"": 3736}"
3,prequal,20,1.5,150,2.0,2,2,750,30,5,20,2026-07-06T07:32:16.797,669.043,12200.0,48700.0,61100.0,92500.0,19496.30225080386,3732,3732,0,746.4,0.0,"{""200"": 3732}"
3,prequal,20,1.5,150,2.0,2,2,750,30,5,21,2026-07-06T07:32:21.797,674.043,12300.0,48200.0,58500.0,90600.0,19579.764453961456,3736,3736,0,747.2,0.0,"{""200"": 3736}"
3,prequal,20,1.5,150,2.0,2,2,750,30,5,22,2026-07-06T07:32:26.797,679.043,12300.0,48300.0,60900.0,85200.0,19422.766185125736,3738,3738,0,747.6,0.0,"{""200"": 3738}"
3,prequal,20,1.5,150,2.0,2,2,750,30,5,23,2026-07-06T07:32:31.797,684.043,12300.0,47800.0,60700.0,90500.0,19398.57984994641,3732,3732,0,746.4,0.0,"{""200"": 3732}"
3,prequal,20,1.5,150,2.0,2,2,750,30,5,24,2026-07-06T07:32:36.797,689.043,12300.0,48200.0,58300.0,87900.0,19606.66845206213,3734,3734,0,746.8,0.0,"{""200"": 3734}"
3,prequal,20,1.5,150,2.0,2,2,750,30,5,25,2026-07-06T07:32:41.797,694.043,12400.0,48400.0,60600.0,87700.0,19593.17269076305,3735,3735,0,747.0,0.0,"{""200"": 3735}"
3,prequal,20,1.5,150,2.0,2,2,750,30,5,26,2026-07-06T07:32:46.797,699.043,12300.0,48500.0,64299.99999999999,91400.0,19701.906040268455,3725,3725,0,745.0,0.0,"{""200"": 3725}"
3,prequal,20,1.5,150,2.0,2,2,750,30,5,27,2026-07-06T07:32:51.797,704.043,12400.0,48400.0,59200.0,85900.0,19740.792291220558,3736,3736,0,747.2,0.0,"{""200"": 3736}"
3,prequal,20,1.5,150,2.0,2,2,750,30,5,28,2026-07-06T07:32:56.797,709.043,12500.0,48100.0,59600.0,91200.0,19451.24497991968,3735,3735,0,747.0,0.0,"{""200"": 3735}"
3,prequal,20,1.5,150,2.0,2,2,750,30,5,29,2026-07-06T07:33:01.797,714.043,12400.0,48400.0,59500.0,87200.0,19569.863380658986,3733,3733,0,746.6,0.0,"{""200"": 3733}"
3,prequal,20,1.5,150,2.0,2,2,750,30,5,30,2026-07-06T07:33:06.797,719.043,12200.0,48500.0,67700.0,93500.0,19781.166039763568,3722,3722,0,744.4,0.0,"{""200"": 3722}"
3,prequal,20,1.5,150,2.0,2,2,750,30,5,31,2026-07-06T07:33:11.797,724.043,12400.0,47900.0,57100.0,87500.0,19568.209793952366,3737,3737,0,747.4,0.0,"{""200"": 3737}"
3,prequal,20,1.5,150,2.0,2,2,750,30,5,32,2026-07-06T07:33:16.797,729.043,12300.0,48300.0,61000.0,95000.0,19695.659163987137,3732,3732,0,746.4,0.0,"{""200"": 3732}"
3,prequal,20,1.5,150,2.0,2,2,750,30,5,33,2026-07-06T07:33:21.797,734.043,12300.0,47900.0,57000.0,86500.0,19477.587590264775,3739,3739,0,747.8,0.0,"{""200"": 3739}"
3,prequal,20,1.5,150,2.0,2,2,750,30,5,34,2026-07-06T07:33:26.797,739.043,12300.0,48700.0,60400.0,87100.0,19868.0708344513,3727,3727,0,745.4,0.0,"{""200"": 3727}"
3,prequal,20,1.5,150,2.0,2,2,750,30,5,35,2026-07-06T07:33:31.797,744.043,12300.0,48100.0,61500.0,89100.0,19656.45420460632,3734,3734,0,746.8,0.0,"{""200"": 3734}"
3,prequal,20,1.5,150,2.0,2,2,750,30,5,36,2026-07-06T07:33:36.797,749.043,12300.0,48300.0,56300.0,85800.0,19186.894891682266,3739,3739,0,747.8,0.0,"{""200"": 3739}"
3,prequal,20,1.5,150,2.0,2,2,750,30,5,37,2026-07-06T07:33:41.797,754.043,12300.0,48000.0,58800.0,92200.0,19508.061060524906,3734,3734,0,746.8,0.0,"{""200"": 3734}"
3,prequal,20,1.5,150,2.0,2,2,750,30,5,38,2026-07-06T07:33:46.797,759.043,12200.0,48300.0,65600.0,92200.0,19795.14354708881,3727,3727,0,745.4,0.0,"{""200"": 3727}"
3,prequal,20,1.5,150,2.0,2,2,750,30,5,39,2026-07-06T07:33:51.797,764.043,12400.0,48300.0,63900.0,90000.0,19871.547331724323,3729,3729,0,745.8,0.0,"{""200"": 3729}"
3,prequal,20,1.5,150,2.0,2,2,750,30,5,40,2026-07-06T07:33:56.797,769.043,12400.0,48200.0,59400.0,86700.0,19609.577314071696,3738,3738,0,747.6,0.0,"{""200"": 3738}"
3,prequal,20,1.5,150,2.0,2,2,750,30,5,41,2026-07-06T07:34:01.797,774.043,12300.0,48300.0,57400.0,87200.0,19605.728051391863,3736,3736,0,747.2,0.0,"{""200"": 3736}"
3,prequal,20,1.5,150,2.0,2,2,750,30,5,42,2026-07-06T07:34:06.797,779.043,12200.0,47900.0,66500.0,87500.0,19751.558301988178,3722,3722,0,744.4,0.0,"{""200"": 3722}"
3,prequal,20,1.5,150,2.0,2,2,750,30,5,43,2026-07-06T07:34:11.797,784.043,12400.0,48100.0,57400.0,89600.0,19751.7546209483,3733,3733,0,746.6,0.0,"{""200"": 3733}"
3,prequal,20,1.5,150,2.0,2,2,750,30,5,44,2026-07-06T07:34:16.797,789.043,12300.0,48200.0,56500.0,88100.0,19359.786096256685,3740,3740,0,748.0,0.0,"{""200"": 3740}"
3,prequal,20,1.5,150,2.0,2,2,750,30,5,45,2026-07-06T07:34:21.797,794.043,12200.0,47900.0,59000.0,90800.0,19669.364781559903,3731,3731,0,746.2,0.0,"{""200"": 3731}"
3,prequal,20,1.5,150,2.0,2,2,750,30,5,46,2026-07-06T07:34:26.797,799.043,12300.0,48700.0,66500.0,92800.0,19784.904646790223,3723,3723,0,744.6,0.0,"{""200"": 3723}"
3,prequal,20,1.5,150,2.0,2,2,750,30,5,47,2026-07-06T07:34:31.797,804.043,12300.0,48100.0,63700.00000000001,88000.0,19819.65147453083,3730,3730,0,746.0,0.0,"{""200"": 3730}"
4,prequal,20,1.5,150,1.4142135623730951,sqrt2,1,750,30,5,0,2026-07-06T07:35:07.948,840.194,12400.0,50300.0,87100.0,105800.0,23692.917692097348,3657,3657,0,731.4,0.0,"{""200"": 3657}"
4,prequal,20,1.5,150,1.4142135623730951,sqrt2,1,750,30,5,1,2026-07-06T07:35:12.948,845.194,12400.0,51400.0,88000.0,105100.0,24756.098226466576,3666,3665,1,733.2,0.2,"{""200"": 3665, ""503"": 1}"
4,prequal,20,1.5,150,1.4142135623730951,sqrt2,1,750,30,5,2,2026-07-06T07:35:17.948,850.194,12400.0,51600.0,88300.0,111200.0,24902.909689816086,3643,3643,0,728.6,0.0,"{""200"": 3643}"
4,prequal,20,1.5,150,1.4142135623730951,sqrt2,1,750,30,5,3,2026-07-06T07:35:22.948,855.194,12400.0,51300.0,88900.0,122300.0,24350.657534246577,3651,3650,1,730.2,0.2,"{""200"": 3650, ""503"": 1}"
4,prequal,20,1.5,150,1.4142135623730951,sqrt2,1,750,30,5,4,2026-07-06T07:35:27.948,860.194,12300.0,51700.0,88700.0,116200.0,25001.228165938865,3664,3664,0,732.8,0.0,"{""200"": 3664}"
4,prequal,20,1.5,150,1.4142135623730951,sqrt2,1,750,30,5,5,2026-07-06T07:35:32.948,865.194,12300.0,50300.0,85200.0,100200.0,23618.488308863514,3678,3678,0,735.6,0.0,"{""200"": 3678}"
4,prequal,20,1.5,150,1.4142135623730951,sqrt2,1,750,30,5,6,2026-07-06T07:35:37.948,870.194,12300.0,51400.0,89600.0,101700.0,24684.145673603503,3652,3652,0,730.4,0.0,"{""200"": 3652}"
4,prequal,20,1.5,150,1.4142135623730951,sqrt2,1,750,30,5,7,2026-07-06T07:35:42.948,875.194,12500.0,51600.0,88800.0,102100.0,24552.84974093264,3667,3667,0,733.4,0.0,"{""200"": 3667}"
4,prequal,20,1.5,150,1.4142135623730951,sqrt2,1,750,30,5,8,2026-07-06T07:35:47.948,880.194,12300.0,51200.0,87900.0,96600.0,24807.164342357122,3657,3657,0,731.4,0.0,"{""200"": 3657}"
4,prequal,20,1.5,150,1.4142135623730951,sqrt2,1,750,30,5,9,2026-07-06T07:35:52.948,885.194,12400.0,51300.0,85800.0,110800.0,24668.176855895195,3664,3664,0,732.8,0.0,"{""200"": 3664}"
4,prequal,20,1.5,150,1.4142135623730951,sqrt2,1,750,30,5,10,2026-07-06T07:35:57.948,890.194,12300.0,51100.0,84200.0,96000.0,24108.611790274383,3681,3681,0,736.2,0.0,"{""200"": 3681}"
4,prequal,20,1.5,150,1.4142135623730951,sqrt2,1,750,30,5,11,2026-07-06T07:36:02.948,895.194,12300.0,53700.0,93200.0,115700.0,26207.288790723356,3623,3622,1,724.6,0.2,"{""200"": 3622, ""503"": 1}"
4,prequal,20,1.5,150,1.4142135623730951,sqrt2,1,750,30,5,12,2026-07-06T07:36:07.948,900.194,12400.0,51200.0,87900.0,112000.0,24768.245277853817,3654,3653,1,730.8,0.2,"{""200"": 3653, ""503"": 1}"
4,prequal,20,1.5,150,1.4142135623730951,sqrt2,1,750,30,5,13,2026-07-06T07:36:12.948,905.194,12300.0,51000.0,86300.0,101000.0,24364.89651416122,3672,3672,0,734.4,0.0,"{""200"": 3672}"
4,prequal,20,1.5,150,1.4142135623730951,sqrt2,1,750,30,5,14,2026-07-06T07:36:17.948,910.194,12300.0,51500.0,86000.0,95000.0,25051.978171896317,3665,3665,0,733.0,0.0,"{""200"": 3665}"
4,prequal,20,1.5,150,1.4142135623730951,sqrt2,1,750,30,5,15,2026-07-06T07:36:22.948,915.194,12300.0,51300.0,89600.0,108400.0,24522.21309230348,3651,3651,0,730.2,0.0,"{""200"": 3651}"
4,prequal,20,1.5,150,1.4142135623730951,sqrt2,1,750,30,5,16,2026-07-06T07:36:27.948,920.194,12400.0,52600.0,89100.0,101200.0,25647.092704333518,3646,3646,0,729.2,0.0,"{""200"": 3646}"
4,prequal,20,1.5,150,1.4142135623730951,sqrt2,1,750,30,5,17,2026-07-06T07:36:32.948,925.194,12400.0,51900.0,87800.0,103900.0,25120.535226652104,3662,3662,0,732.4,0.0,"{""200"": 3662}"
4,prequal,20,1.5,150,1.4142135623730951,sqrt2,1,750,30,5,18,2026-07-06T07:36:37.948,930.194,12400.0,51300.0,88100.0,106000.0,24309.180059929175,3672,3671,1,734.4,0.2,"{""200"": 3671, ""503"": 1}"
4,prequal,20,1.5,150,1.4142135623730951,sqrt2,1,750,30,5,19,2026-07-06T07:36:42.948,935.194,12400.0,51500.0,88300.0,104100.0,24777.486338797815,3661,3660,1,732.2,0.2,"{""200"": 3660, ""503"": 1}"
4,prequal,20,1.5,150,1.4142135623730951,sqrt2,1,750,30,5,20,2026-07-06T07:36:47.948,940.194,12400.0,52700.0,90000.0,103600.0,26217.321968655484,3638,3637,1,727.6,0.2,"{""200"": 3637, ""503"": 1}"
4,prequal,20,1.5,150,1.4142135623730951,sqrt2,1,750,30,5,21,2026-07-06T07:36:52.948,945.194,12300.0,53400.0,91900.0,120400.0,26185.34626038781,3611,3610,1,722.2,0.2,"{""200"": 3610, ""503"": 1}"
4,prequal,20,1.5,150,1.4142135623730951,sqrt2,1,750,30,5,22,2026-07-06T07:36:57.948,950.194,12500.0,51300.0,87000.0,107700.0,24617.663117663116,3664,3663,1,732.8,0.2,"{""200"": 3663, ""503"": 1}"
4,prequal,20,1.5,150,1.4142135623730951,sqrt2,1,750,30,5,23,2026-07-06T07:37:02.948,955.194,12400.0,51800.0,86700.0,104300.0,24788.722009830693,3662,3662,0,732.4,0.0,"{""200"": 3662}"
4,prequal,20,1.5,150,1.4142135623730951,sqrt2,1,750,30,5,24,2026-07-06T07:37:07.948,960.194,12400.0,51100.0,87200.0,111100.0,24395.416098226466,3665,3665,0,733.0,0.0,"{""200"": 3665}"
4,prequal,20,1.5,150,1.4142135623730951,sqrt2,1,750,30,5,25,2026-07-06T07:37:12.948,965.194,12400.0,52100.0,88100.0,100700.0,25425.600436681223,3664,3664,0,732.8,0.0,"{""200"": 3664}"
4,prequal,20,1.5,150,1.4142135623730951,sqrt2,1,750,30,5,26,2026-07-06T07:37:17.948,970.194,12500.0,53600.0,91300.0,107900.0,26287.11724137931,3625,3625,0,725.0,0.0,"{""200"": 3625}"
4,prequal,20,1.5,150,1.4142135623730951,sqrt2,1,750,30,5,27,2026-07-06T07:37:22.948,975.194,12400.0,51600.0,88200.0,96800.0,25184.362139917695,3645,3645,0,729.0,0.0,"{""200"": 3645}"
4,prequal,20,1.5,150,1.4142135623730951,sqrt2,1,750,30,5,28,2026-07-06T07:37:27.948,980.194,12400.0,51300.0,86300.0,108500.0,24569.798474945535,3672,3672,0,734.4,0.0,"{""200"": 3672}"
4,prequal,20,1.5,150,1.4142135623730951,sqrt2,1,750,30,5,29,2026-07-06T07:37:32.948,985.194,12300.0,50700.0,85900.0,101100.0,23919.641401792993,3681,3681,0,736.2,0.0,"{""200"": 3681}"
4,prequal,20,1.5,150,1.4142135623730951,sqrt2,1,750,30,5,30,2026-07-06T07:37:37.948,990.194,12300.0,51700.0,88200.0,100100.0,24986.748633879783,3660,3660,0,732.0,0.0,"{""200"": 3660}"
4,prequal,20,1.5,150,1.4142135623730951,sqrt2,1,750,30,5,31,2026-07-06T07:37:42.948,995.194,12100.0,51300.0,86400.0,100100.0,24260.601092896173,3660,3660,0,732.0,0.0,"{""200"": 3660}"
4,prequal,20,1.5,150,1.4142135623730951,sqrt2,1,750,30,5,32,2026-07-06T07:37:47.948,1000.194,12500.0,51900.0,90600.0,113600.0,25049.097867687262,3658,3658,0,731.6,0.0,"{""200"": 3658}"
4,prequal,20,1.5,150,1.4142135623730951,sqrt2,1,750,30,5,33,2026-07-06T07:37:52.948,1005.194,12300.0,50700.0,86400.0,95200.0,24215.17711171662,3670,3670,0,734.0,0.0,"{""200"": 3670}"
4,prequal,20,1.5,150,1.4142135623730951,sqrt2,1,750,30,5,34,2026-07-06T07:37:57.948,1010.194,12500.0,51600.0,85700.0,98100.0,24979.62356792144,3666,3666,0,733.2,0.0,"{""200"": 3666}"
4,prequal,20,1.5,150,1.4142135623730951,sqrt2,1,750,30,5,35,2026-07-06T07:38:02.948,1015.194,12300.0,51300.0,89900.0,110900.0,24471.935571935574,3663,3663,0,732.6,0.0,"{""200"": 3663}"
4,prequal,20,1.5,150,1.4142135623730951,sqrt2,1,750,30,5,36,2026-07-06T07:38:07.948,1020.194,12300.0,51300.0,88200.0,101900.0,25165.35195836757,3651,3651,0,730.2,0.0,"{""200"": 3651}"
4,prequal,20,1.5,150,1.4142135623730951,sqrt2,1,750,30,5,37,2026-07-06T07:38:12.948,1025.194,12400.0,51300.0,87900.0,96500.0,24859.05361050328,3656,3656,0,731.2,0.0,"{""200"": 3656}"
4,prequal,20,1.5,150,1.4142135623730951,sqrt2,1,750,30,5,38,2026-07-06T07:38:17.948,1030.194,12400.0,51800.0,88100.0,98400.0,24968.900437636763,3656,3656,0,731.2,0.0,"{""200"": 3656}"
4,prequal,20,1.5,150,1.4142135623730951,sqrt2,1,750,30,5,39,2026-07-06T07:38:22.948,1035.194,12300.0,51700.0,89500.0,110900.0,24811.89692982456,3649,3648,1,729.8,0.2,"{""200"": 3648, ""503"": 1}"
4,prequal,20,1.5,150,1.4142135623730951,sqrt2,1,750,30,5,40,2026-07-06T07:38:27.948,1040.194,12500.0,51600.0,89000.0,118400.0,24845.275267050125,3651,3651,0,730.2,0.0,"{""200"": 3651}"
4,prequal,20,1.5,150,1.4142135623730951,sqrt2,1,750,30,5,41,2026-07-06T07:38:32.948,1045.194,12400.0,52900.0,88400.0,109500.0,25634.713463120373,3648,3647,1,729.6,0.2,"{""200"": 3647, ""503"": 1}"
4,prequal,20,1.5,150,1.4142135623730951,sqrt2,1,750,30,5,42,2026-07-06T07:38:37.948,1050.194,12400.0,53400.0,90200.0,113600.0,26173.232462173313,3635,3635,0,727.0,0.0,"{""200"": 3635}"
4,prequal,20,1.5,150,1.4142135623730951,sqrt2,1,750,30,5,43,2026-07-06T07:38:42.948,1055.194,12500.0,51000.0,87400.0,99300.0,24552.190476190477,3676,3675,1,735.2,0.2,"{""200"": 3675, ""503"": 1}"
4,prequal,20,1.5,150,1.4142135623730951,sqrt2,1,750,30,5,44,2026-07-06T07:38:47.948,1060.194,12300.0,52400.0,89600.0,108800.0,25510.76122672508,3653,3652,1,730.6,0.2,"{""200"": 3652, ""503"": 1}"
4,prequal,20,1.5,150,1.4142135623730951,sqrt2,1,750,30,5,45,2026-07-06T07:38:52.948,1065.194,12300.0,51700.0,88000.0,101400.0,24724.623803009577,3656,3655,1,731.2,0.2,"{""200"": 3655, ""503"": 1}"
4,prequal,20,1.5,150,1.4142135623730951,sqrt2,1,750,30,5,46,2026-07-06T07:38:57.948,1070.194,12400.0,51800.0,88700.0,107200.0,25486.255144032923,3645,3645,0,729.0,0.0,"{""200"": 3645}"
4,prequal,20,1.5,150,1.4142135623730951,sqrt2,1,750,30,5,47,2026-07-06T07:39:02.948,1075.194,12300.0,53300.0,92800.0,117400.0,25692.55289914812,3639,3639,0,727.8,0.0,"{""200"": 3639}"
5,prequal,20,1.5,150,1.0,1,1,750,30,5,0,2026-07-06T07:39:39.138,1111.384,12400.0,50800.0,86900.0,103100.0,24651.153212520592,3642,3642,0,728.4,0.0,"{""200"": 3642}"
5,prequal,20,1.5,150,1.0,1,1,750,30,5,1,2026-07-06T07:39:44.138,1116.384,12300.0,51500.0,87600.0,97100.0,25232.677057697565,3657,3657,0,731.4,0.0,"{""200"": 3657}"
5,prequal,20,1.5,150,1.0,1,1,750,30,5,2,2026-07-06T07:39:49.138,1121.384,12600.0,53600.0,90900.0,102800.0,26118.70344827586,3625,3625,0,725.0,0.0,"{""200"": 3625}"
5,prequal,20,1.5,150,1.0,1,1,750,30,5,3,2026-07-06T07:39:54.138,1126.384,12400.0,52100.0,87000.0,104100.0,25014.73396998636,3665,3665,0,733.0,0.0,"{""200"": 3665}"
5,prequal,20,1.5,150,1.0,1,1,750,30,5,4,2026-07-06T07:39:59.138,1131.384,12400.0,51900.0,88400.0,122800.0,25374.862938596492,3649,3648,1,729.8,0.2,"{""200"": 3648, ""503"": 1}"
5,prequal,20,1.5,150,1.0,1,1,750,30,5,5,2026-07-06T07:40:04.138,1136.384,12500.0,51800.0,87700.0,100900.0,24971.40522875817,3672,3672,0,734.4,0.0,"{""200"": 3672}"
5,prequal,20,1.5,150,1.0,1,1,750,30,5,6,2026-07-06T07:40:09.138,1141.384,12400.0,52300.0,85300.0,93800.0,25493.690248565967,3661,3661,0,732.2,0.0,"{""200"": 3661}"
5,prequal,20,1.5,150,1.0,1,1,750,30,5,7,2026-07-06T07:40:14.138,1146.384,12400.0,52500.0,88600.0,108300.0,25431.966092425486,3657,3657,0,731.4,0.0,"{""200"": 3657}"
5,prequal,20,1.5,150,1.0,1,1,750,30,5,8,2026-07-06T07:40:19.138,1151.384,12500.0,51300.0,89300.0,110000.0,25057.025920873126,3665,3665,0,733.0,0.0,"{""200"": 3665}"
5,prequal,20,1.5,150,1.0,1,1,750,30,5,9,2026-07-06T07:40:24.138,1156.384,12400.0,51300.0,86400.0,102000.0,24623.523005717398,3673,3673,0,734.6,0.0,"{""200"": 3673}"
5,prequal,20,1.5,150,1.0,1,1,750,30,5,10,2026-07-06T07:40:29.138,1161.384,12500.0,51800.0,87300.0,103700.0,25070.3653217012,3669,3668,1,733.8,0.2,"{""200"": 3668, ""503"": 1}"
5,prequal,20,1.5,150,1.0,1,1,750,30,5,11,2026-07-06T07:40:34.138,1166.384,12400.0,51400.0,89800.0,116300.0,24910.739726027397,3650,3650,0,730.0,0.0,"{""200"": 3650}"
5,prequal,20,1.5,150,1.0,1,1,750,30,5,12,2026-07-06T07:40:39.138,1171.384,12300.0,50800.0,84300.0,97400.0,23885.219274499188,3694,3694,0,738.8,0.0,"{""200"": 3694}"
5,prequal,20,1.5,150,1.0,1,1,750,30,5,13,2026-07-06T07:40:44.138,1176.384,12600.0,51800.0,88800.0,102100.0,25414.06292749658,3655,3655,0,731.0,0.0,"{""200"": 3655}"
5,prequal,20,1.5,150,1.0,1,1,750,30,5,14,2026-07-06T07:40:49.138,1181.384,12400.0,51800.0,90100.0,111300.0,24962.15106732348,3654,3654,0,730.8,0.0,"{""200"": 3654}"
5,prequal,20,1.5,150,1.0,1,1,750,30,5,15,2026-07-06T07:40:54.138,1186.384,12500.0,52200.0,91200.0,107100.0,25327.35978112175,3655,3655,0,731.0,0.0,"{""200"": 3655}"
5,prequal,20,1.5,150,1.0,1,1,750,30,5,16,2026-07-06T07:40:59.138,1191.384,12500.0,52100.0,86500.0,103500.0,25336.56207366985,3665,3665,0,733.0,0.0,"{""200"": 3665}"
5,prequal,20,1.5,150,1.0,1,1,750,30,5,17,2026-07-06T07:41:04.138,1196.384,12500.0,51900.0,91100.0,102000.0,25589.454943851,3651,3651,0,730.2,0.0,"{""200"": 3651}"
5,prequal,20,1.5,150,1.0,1,1,750,30,5,18,2026-07-06T07:41:09.138,1201.384,12400.0,52500.0,90200.0,120400.0,25304.62886880307,3651,3651,0,730.2,0.0,"{""200"": 3651}"
5,prequal,20,1.5,150,1.0,1,1,750,30,5,19,2026-07-06T07:41:14.138,1206.384,12400.0,51300.0,84600.0,101500.0,24482.23487930567,3687,3687,0,737.4,0.0,"{""200"": 3687}"
5,prequal,20,1.5,150,1.0,1,1,750,30,5,20,2026-07-06T07:41:19.138,1211.384,12400.0,52300.0,91200.0,105500.0,25649.37020810515,3652,3652,0,730.4,0.0,"{""200"": 3652}"
5,prequal,20,1.5,150,1.0,1,1,750,30,5,21,2026-07-06T07:41:24.138,1216.384,12400.0,51000.0,85300.0,116800.0,24316.117615028586,3673,3673,0,734.6,0.0,"{""200"": 3673}"
5,prequal,20,1.5,150,1.0,1,1,750,30,5,22,2026-07-06T07:41:29.138,1221.384,12400.0,51100.0,86700.0,102300.0,24547.27668845316,3672,3672,0,734.4,0.0,"{""200"": 3672}"
5,prequal,20,1.5,150,1.0,1,1,750,30,5,23,2026-07-06T07:41:34.138,1226.384,12500.0,51700.0,89000.0,99500.0,25542.302433688816,3657,3657,0,731.4,0.0,"{""200"": 3657}"
5,prequal,20,1.5,150,1.0,1,1,750,30,5,24,2026-07-06T07:41:39.138,1231.384,12500.0,52600.0,91000.0,113200.0,25770.725034199728,3656,3655,1,731.2,0.2,"{""200"": 3655, ""503"": 1}"
5,prequal,20,1.5,150,1.0,1,1,750,30,5,25,2026-07-06T07:41:44.138,1236.384,12500.0,52600.0,88700.0,101900.0,25559.429824561405,3648,3648,0,729.6,0.0,"{""200"": 3648}"
5,prequal,20,1.5,150,1.0,1,1,750,30,5,26,2026-07-06T07:41:49.138,1241.384,12400.0,51500.0,87300.0,102600.0,24763.091997822536,3676,3674,2,735.2,0.4,"{""200"": 3674, ""503"": 2}"
5,prequal,20,1.5,150,1.0,1,1,750,30,5,27,2026-07-06T07:41:54.138,1246.384,12500.0,52200.0,89100.0,104700.0,25583.151581243183,3669,3668,1,733.8,0.2,"{""200"": 3668, ""503"": 1}"
5,prequal,20,1.5,150,1.0,1,1,750,30,5,28,2026-07-06T07:41:59.138,1251.384,12500.0,51700.0,86800.0,99700.0,25422.829055161114,3662,3662,0,732.4,0.0,"{""200"": 3662}"
5,prequal,20,1.5,150,1.0,1,1,750,30,5,29,2026-07-06T07:42:04.138,1256.384,12300.0,50900.0,85100.0,103000.0,24364.64043419267,3685,3685,0,737.0,0.0,"{""200"": 3685}"
5,prequal,20,1.5,150,1.0,1,1,750,30,5,30,2026-07-06T07:42:09.138,1261.384,12600.0,50800.0,85000.0,98500.0,24311.340766929563,3677,3677,0,735.4,0.0,"{""200"": 3677}"
5,prequal,20,1.5,150,1.0,1,1,750,30,5,31,2026-07-06T07:42:14.138,1266.384,12500.0,52900.0,92300.0,126700.0,26105.23993381136,3626,3626,0,725.2,0.0,"{""200"": 3626}"
5,prequal,20,1.5,150,1.0,1,1,750,30,5,32,2026-07-06T07:42:19.138,1271.384,12500.0,51300.0,89000.0,109800.0,24903.394470298386,3653,3653,0,730.6,0.0,"{""200"": 3653}"
5,prequal,20,1.5,150,1.0,1,1,750,30,5,33,2026-07-06T07:42:24.138,1276.384,12500.0,51200.0,85300.0,96500.0,24313.300760043432,3684,3684,0,736.8,0.0,"{""200"": 3684}"
5,prequal,20,1.5,150,1.0,1,1,750,30,5,34,2026-07-06T07:42:29.138,1281.384,12600.0,52700.0,92100.0,103700.0,25943.32229580574,3624,3624,0,724.8,0.0,"{""200"": 3624}"
5,prequal,20,1.5,150,1.0,1,1,750,30,5,35,2026-07-06T07:42:34.138,1286.384,12400.0,52200.0,90400.0,105300.0,25099.588928473553,3649,3649,0,729.8,0.0,"{""200"": 3649}"
5,prequal,20,1.5,150,1.0,1,1,750,30,5,36,2026-07-06T07:42:39.138,1291.384,12500.0,53100.0,89000.0,105400.0,26232.775644541965,3646,3646,0,729.2,0.0,"{""200"": 3646}"
5,prequal,20,1.5,150,1.0,1,1,750,30,5,37,2026-07-06T07:42:44.138,1296.384,12500.0,50900.0,83500.0,99600.0,24084.659090909092,3696,3696,0,739.2,0.0,"{""200"": 3696}"
5,prequal,20,1.5,150,1.0,1,1,750,30,5,38,2026-07-06T07:42:49.138,1301.384,12400.0,51500.0,86900.0,99000.0,24915.957446808512,3666,3666,0,733.2,0.0,"{""200"": 3666}"
5,prequal,20,1.5,150,1.0,1,1,750,30,5,39,2026-07-06T07:42:54.138,1306.384,12400.0,52800.0,87800.0,101700.0,25506.17486338798,3660,3660,0,732.0,0.0,"{""200"": 3660}"
5,prequal,20,1.5,150,1.0,1,1,750,30,5,40,2026-07-06T07:42:59.138,1311.384,12500.0,51300.0,88500.0,106700.0,24871.65117550574,3658,3658,0,731.6,0.0,"{""200"": 3658}"
5,prequal,20,1.5,150,1.0,1,1,750,30,5,41,2026-07-06T07:43:04.138,1316.384,12600.0,51100.0,83500.0,110000.0,24184.086603518266,3695,3695,0,739.0,0.0,"{""200"": 3695}"
5,prequal,20,1.5,150,1.0,1,1,750,30,5,42,2026-07-06T07:43:09.138,1321.384,12600.0,52200.0,88000.0,116300.0,24927.903798852145,3661,3659,2,732.2,0.4,"{""200"": 3659, ""503"": 2}"
5,prequal,20,1.5,150,1.0,1,1,750,30,5,43,2026-07-06T07:43:14.138,1326.384,12400.0,51400.0,88200.0,112900.0,24948.907700709995,3665,3662,3,733.0,0.6,"{""200"": 3662, ""503"": 3}"
5,prequal,20,1.5,150,1.0,1,1,750,30,5,44,2026-07-06T07:43:19.138,1331.384,12500.0,51300.0,86400.0,105500.0,25094.284933005194,3657,3657,0,731.4,0.0,"{""200"": 3657}"
5,prequal,20,1.5,150,1.0,1,1,750,30,5,45,2026-07-06T07:43:24.138,1336.384,12500.0,51200.0,86700.0,110100.0,24886.03825136612,3660,3660,0,732.0,0.0,"{""200"": 3660}"
5,prequal,20,1.5,150,1.0,1,1,750,30,5,46,2026-07-06T07:43:29.138,1341.384,12400.0,51300.0,88400.0,123900.0,25108.907103825135,3660,3660,0,732.0,0.0,"{""200"": 3660}"
5,prequal,20,1.5,150,1.0,1,1,750,30,5,47,2026-07-06T07:43:34.138,1346.384,12400.0,51500.0,86000.0,99500.0,25166.02232507487,3673,3673,0,734.6,0.0,"{""200"": 3673}"
6,prequal,20,1.5,150,0.7071067811865476,sqrt1/2,0,750,30,5,0,2026-07-06T07:44:10.448,1382.693,13500.0,63799.99999999999,103000.0,126200.0,32308.288928359976,3380,3378,2,676.0,0.4,"{""200"": 3378, ""503"": 2}"
6,prequal,20,1.5,150,0.7071067811865476,sqrt1/2,0,750,30,5,1,2026-07-06T07:44:15.448,1387.693,13600.0,62100.0,94400.0,111200.0,31737.20255368543,3446,3446,0,689.2,0.0,"{""200"": 3446}"
6,prequal,20,1.5,150,0.7071067811865476,sqrt1/2,0,750,30,5,2,2026-07-06T07:44:20.448,1392.693,38600.0,63000.0,94400.0,120000.0,32246.839498980484,3434,3433,1,686.8,0.2,"{""200"": 3433, ""503"": 1}"
6,prequal,20,1.5,150,0.7071067811865476,sqrt1/2,0,750,30,5,3,2026-07-06T07:44:25.448,1397.693,13000.0,62100.0,97300.0,126200.0,31327.976878612717,3461,3460,1,692.2,0.2,"{""200"": 3460, ""503"": 1}"
6,prequal,20,1.5,150,0.7071067811865476,sqrt1/2,0,750,30,5,4,2026-07-06T07:44:30.448,1402.693,38900.0,65199.99999999999,97100.0,118800.0,32853.87562628942,3399,3393,6,679.8,1.2,"{""200"": 3393, ""503"": 6}"
6,prequal,20,1.5,150,0.7071067811865476,sqrt1/2,0,750,30,5,5,2026-07-06T07:44:35.448,1407.693,13200.0,63000.0,98100.0,113700.0,31632.24774643792,3439,3439,0,687.8,0.0,"{""200"": 3439}"
6,prequal,20,1.5,150,0.7071067811865476,sqrt1/2,0,750,30,5,6,2026-07-06T07:44:40.448,1412.693,37800.0,63900.0,104700.0,124700.0,32446.368715083798,3409,3401,8,681.8,1.6,"{""200"": 3401, ""503"": 8}"
6,prequal,20,1.5,150,0.7071067811865476,sqrt1/2,0,750,30,5,7,2026-07-06T07:44:45.448,1417.693,14000.0,62700.00000000001,96500.0,108200.0,32076.193247962747,3437,3436,1,687.4,0.2,"{""200"": 3436, ""503"": 1}"
6,prequal,20,1.5,150,0.7071067811865476,sqrt1/2,0,750,30,5,8,2026-07-06T07:44:50.448,1422.693,38600.0,66700.0,101200.0,115700.0,32977.386196769454,3405,3405,0,681.0,0.0,"{""200"": 3405}"
6,prequal,20,1.5,150,0.7071067811865476,sqrt1/2,0,750,30,5,9,2026-07-06T07:44:55.448,1427.693,13200.0,62700.00000000001,98400.0,121500.0,31729.935934769946,3436,3434,2,687.2,0.4,"{""200"": 3434, ""503"": 2}"
6,prequal,20,1.5,150,0.7071067811865476,sqrt1/2,0,750,30,5,10,2026-07-06T07:45:00.448,1432.693,13300.0,62700.00000000001,96500.0,118600.0,31549.754264238218,3463,3459,4,692.6,0.8,"{""200"": 3459, ""503"": 4}"
6,prequal,20,1.5,150,0.7071067811865476,sqrt1/2,0,750,30,5,11,2026-07-06T07:45:05.448,1437.693,13700.0,64199.99999999999,94800.0,114700.0,31984.109429569267,3436,3436,0,687.2,0.0,"{""200"": 3436}"
6,prequal,20,1.5,150,0.7071067811865476,sqrt1/2,0,750,30,5,12,2026-07-06T07:45:10.448,1442.693,14400.0,65700.0,101000.0,124200.0,32500.529567519858,3400,3399,1,680.0,0.2,"{""200"": 3399, ""503"": 1}"
6,prequal,20,1.5,150,0.7071067811865476,sqrt1/2,0,750,30,5,13,2026-07-06T07:45:15.448,1447.693,38300.0,64900.0,94800.0,107800.0,32296.261953057085,3451,3451,0,690.2,0.0,"{""200"": 3451}"
6,prequal,20,1.5,150,0.7071067811865476,sqrt1/2,0,750,30,5,14,2026-07-06T07:45:20.448,1452.693,14400.0,67200.0,104200.0,122900.0,32753.43151693667,3396,3395,1,679.2,0.2,"{""200"": 3395, ""503"": 1}"
6,prequal,20,1.5,150,0.7071067811865476,sqrt1/2,0,750,30,5,15,2026-07-06T07:45:25.448,1457.693,13700.0,63799.99999999999,97700.0,109400.0,32210.04098360656,3416,3416,0,683.2,0.0,"{""200"": 3416}"
6,prequal,20,1.5,150,0.7071067811865476,sqrt1/2,0,750,30,5,16,2026-07-06T07:45:30.448,1462.693,13000.0,63400.0,95400.0,114200.0,31472.74044032445,3452,3452,0,690.4,0.0,"{""200"": 3452}"
6,prequal,20,1.5,150,0.7071067811865476,sqrt1/2,0,750,30,5,17,2026-07-06T07:45:35.448,1467.693,13100.0,64400.0,103600.0,122300.0,31838.33284414441,3409,3407,2,681.8,0.4,"{""200"": 3407, ""503"": 2}"
6,prequal,20,1.5,150,0.7071067811865476,sqrt1/2,0,750,30,5,18,2026-07-06T07:45:40.448,1472.693,14600.0,63600.00000000001,98700.0,127800.0,32423.970802919706,3427,3425,2,685.4,0.4,"{""200"": 3425, ""503"": 2}"
6,prequal,20,1.5,150,0.7071067811865476,sqrt1/2,0,750,30,5,19,2026-07-06T07:45:45.448,1477.693,13200.0,64900.0,103500.0,120600.0,32213.468309859156,3409,3408,1,681.8,0.2,"{""200"": 3408, ""503"": 1}"
6,prequal,20,1.5,150,0.7071067811865476,sqrt1/2,0,750,30,5,20,2026-07-06T07:45:50.448,1482.693,38800.0,68600.0,101900.0,127800.0,33442.116182572616,3375,3374,1,675.0,0.2,"{""200"": 3374, ""503"": 1}"
6,prequal,20,1.5,150,0.7071067811865476,sqrt1/2,0,750,30,5,21,2026-07-06T07:45:55.448,1487.693,38200.0,62900.0,92600.0,109300.0,32051.31922296318,3450,3449,1,690.0,0.2,"{""200"": 3449, ""503"": 1}"
6,prequal,20,1.5,150,0.7071067811865476,sqrt1/2,0,750,30,5,22,2026-07-06T07:46:00.448,1492.693,13100.0,64500.0,102800.0,127000.0,31834.965034965036,3432,3432,0,686.4,0.0,"{""200"": 3432}"
6,prequal,20,1.5,150,0.7071067811865476,sqrt1/2,0,750,30,5,23,2026-07-06T07:46:05.448,1497.693,13100.0,61900.0,96000.0,122100.0,31403.41237709659,3461,3458,3,692.2,0.6,"{""200"": 3458, ""503"": 3}"
6,prequal,20,1.5,150,0.7071067811865476,sqrt1/2,0,750,30,5,24,2026-07-06T07:46:10.448,1502.693,13500.0,64699.99999999999,105900.0,131300.0,32429.3093270366,3391,3388,3,678.2,0.6,"{""200"": 3388, ""503"": 3}"
6,prequal,20,1.5,150,0.7071067811865476,sqrt1/2,0,750,30,5,25,2026-07-06T07:46:15.448,1507.693,36800.0,62799.99999999999,91200.0,112000.0,31929.095637099104,3462,3461,1,692.4,0.2,"{""200"": 3461, ""503"": 1}"
6,prequal,20,1.5,150,0.7071067811865476,sqrt1/2,0,750,30,5,26,2026-07-06T07:46:20.448,1512.693,13700.0,64000.0,94100.0,117100.0,32158.987783595112,3438,3438,0,687.6,0.0,"{""200"": 3438}"
6,prequal,20,1.5,150,0.7071067811865476,sqrt1/2,0,750,30,5,27,2026-07-06T07:46:25.448,1517.693,38000.0,67000.0,102300.0,119600.0,32922.74207876814,3380,3377,3,676.0,0.6,"{""200"": 3377, ""503"": 3}"
6,prequal,20,1.5,150,0.7071067811865476,sqrt1/2,0,750,30,5,28,2026-07-06T07:46:30.448,1522.693,38600.0,64900.0,101000.0,128399.99999999999,32810.334703464476,3406,3406,0,681.2,0.0,"{""200"": 3406}"
6,prequal,20,1.5,150,0.7071067811865476,sqrt1/2,0,750,30,5,29,2026-07-06T07:46:35.448,1527.693,13100.0,62200.0,105200.0,124400.0,31653.44376634699,3442,3441,1,688.4,0.2,"{""200"": 3441, ""503"": 1}"
6,prequal,20,1.5,150,0.7071067811865476,sqrt1/2,0,750,30,5,30,2026-07-06T07:46:40.448,1532.693,13100.0,64500.0,103300.0,115900.0,31955.141010575793,3405,3404,1,681.0,0.2,"{""200"": 3404, ""503"": 1}"
6,prequal,20,1.5,150,0.7071067811865476,sqrt1/2,0,750,30,5,31,2026-07-06T07:46:45.448,1537.693,14900.0,62100.0,98200.0,121400.0,32192.54730713246,3435,3435,0,687.0,0.0,"{""200"": 3435}"
6,prequal,20,1.5,150,0.7071067811865476,sqrt1/2,0,750,30,5,32,2026-07-06T07:46:50.448,1542.693,13000.0,62000.0,93100.0,115900.0,31143.695777906305,3460,3458,2,692.0,0.4,"{""200"": 3458, ""503"": 2}"
6,prequal,20,1.5,150,0.7071067811865476,sqrt1/2,0,750,30,5,33,2026-07-06T07:46:55.448,1547.693,13300.0,64800.0,98000.0,128200.00000000001,32136.35297566696,3411,3411,0,682.2,0.0,"{""200"": 3411}"
6,prequal,20,1.5,150,0.7071067811865476,sqrt1/2,0,750,30,5,34,2026-07-06T07:47:00.448,1552.693,13400.0,62500.0,96500.0,120800.0,31664.91888760139,3452,3452,0,690.4,0.0,"{""200"": 3452}"
6,prequal,20,1.5,150,0.7071067811865476,sqrt1/2,0,750,30,5,35,2026-07-06T07:47:05.448,1557.693,14400.0,62900.0,94600.0,123200.0,31868.44238563984,3454,3454,0,690.8,0.0,"{""200"": 3454}"
6,prequal,20,1.5,150,0.7071067811865476,sqrt1/2,0,750,30,5,36,2026-07-06T07:47:10.448,1562.693,13800.0,66300.0,96600.0,113500.0,32596.788450206248,3395,3394,1,679.0,0.2,"{""200"": 3394, ""503"": 1}"
6,prequal,20,1.5,150,0.7071067811865476,sqrt1/2,0,750,30,5,37,2026-07-06T07:47:15.448,1567.693,13000.0,62300.0,95200.0,116300.0,31223.323699421966,3461,3460,1,692.2,0.2,"{""200"": 3460, ""503"": 1}"
6,prequal,20,1.5,150,0.7071067811865476,sqrt1/2,0,750,30,5,38,2026-07-06T07:47:20.448,1572.693,12800.0,62000.0,96900.0,110700.0,30921.847041847042,3465,3465,0,693.0,0.0,"{""200"": 3465}"
6,prequal,20,1.5,150,0.7071067811865476,sqrt1/2,0,750,30,5,39,2026-07-06T07:47:25.448,1577.693,14100.0,64199.99999999999,96200.0,122800.0,32244.337419731466,3426,3426,0,685.2,0.0,"{""200"": 3426}"
6,prequal,20,1.5,150,0.7071067811865476,sqrt1/2,0,750,30,5,40,2026-07-06T07:47:30.448,1582.693,13500.0,61400.0,98000.0,128200.00000000001,31584.943429068757,3449,3447,2,689.8,0.4,"{""200"": 3447, ""503"": 2}"
6,prequal,20,1.5,150,0.7071067811865476,sqrt1/2,0,750,30,5,41,2026-07-06T07:47:35.448,1587.693,37800.0,63100.0,99400.0,120000.0,32290.99912612875,3434,3433,1,686.8,0.2,"{""200"": 3433, ""503"": 1}"
6,prequal,20,1.5,150,0.7071067811865476,sqrt1/2,0,750,30,5,42,2026-07-06T07:47:40.448,1592.693,37100.0,66500.0,100500.0,119000.0,32768.02480070859,3388,3387,1,677.6,0.2,"{""200"": 3387, ""503"": 1}"
6,prequal,20,1.5,150,0.7071067811865476,sqrt1/2,0,750,30,5,43,2026-07-06T07:47:45.448,1597.693,13700.0,64199.99999999999,94100.0,112100.0,32021.663274207618,3439,3439,0,687.8,0.0,"{""200"": 3439}"
6,prequal,20,1.5,150,0.7071067811865476,sqrt1/2,0,750,30,5,44,2026-07-06T07:47:50.448,1602.693,13500.0,62900.0,99000.0,122400.0,31685.664538595473,3447,3446,1,689.4,0.2,"{""200"": 3446, ""503"": 1}"
6,prequal,20,1.5,150,0.7071067811865476,sqrt1/2,0,750,30,5,45,2026-07-06T07:47:55.448,1607.693,38000.0,65199.99999999999,94300.0,119000.0,32512.540287137417,3417,3413,4,683.4,0.8,"{""200"": 3413, ""503"": 4}"
6,prequal,20,1.5,150,0.7071067811865476,sqrt1/2,0,750,30,5,46,2026-07-06T07:48:00.448,1612.693,14300.0,65700.0,94800.0,124000.0,32262.68613138686,3425,3425,0,685.0,0.0,"{""200"": 3425}"
6,prequal,20,1.5,150,0.7071067811865476,sqrt1/2,0,750,30,5,47,2026-07-06T07:48:05.448,1617.693,13000.0,60500.0,94200.0,110600.0,30813.31809088311,3499,3499,0,699.8,0.0,"{""200"": 3499}"
7,prequal,20,1.5,150,0.5,1/2,0,750,30,5,0,2026-07-06T07:48:41.114,1653.359,13300.0,63400.0,94400.0,126700.0,31671.24563445867,3437,3436,1,687.4,0.2,"{""200"": 3436, ""503"": 1}"
7,prequal,20,1.5,150,0.5,1/2,0,750,30,5,1,2026-07-06T07:48:46.114,1658.359,13400.0,62100.0,100200.0,124900.0,31742.86541244573,3460,3455,5,692.0,1.0,"{""200"": 3455, ""503"": 5}"
7,prequal,20,1.5,150,0.5,1/2,0,750,30,5,2,2026-07-06T07:48:51.114,1663.359,13000.0,63900.0,98800.0,128700.00000000001,31751.28429655575,3433,3426,7,686.6,1.4,"{""200"": 3426, ""503"": 7}"
7,prequal,20,1.5,150,0.5,1/2,0,750,30,5,3,2026-07-06T07:48:56.114,1668.359,38800.0,66200.0,100500.0,122800.0,33188.31130690162,3407,3405,2,681.4,0.4,"{""200"": 3405, ""503"": 2}"
7,prequal,20,1.5,150,0.5,1/2,0,750,30,5,4,2026-07-06T07:49:01.114,1673.359,13100.0,64199.99999999999,97400.0,116600.0,31572.79347509467,3433,3433,0,686.6,0.0,"{""200"": 3433}"
7,prequal,20,1.5,150,0.5,1/2,0,750,30,5,5,2026-07-06T07:49:06.114,1678.359,13300.0,63799.99999999999,96600.0,120600.0,31837.87308026659,3454,3451,3,690.8,0.6,"{""200"": 3451, ""503"": 3}"
7,prequal,20,1.5,150,0.5,1/2,0,750,30,5,6,2026-07-06T07:49:11.114,1683.359,13300.0,66200.0,97700.0,118200.0,32170.306569343065,3427,3425,2,685.4,0.4,"{""200"": 3425, ""503"": 2}"
7,prequal,20,1.5,150,0.5,1/2,0,750,30,5,7,2026-07-06T07:49:16.114,1688.359,39500.0,68800.0,103200.0,126000.0,33798.3070983071,3368,3367,1,673.6,0.2,"{""200"": 3367, ""503"": 1}"
7,prequal,20,1.5,150,0.5,1/2,0,750,30,5,8,2026-07-06T07:49:21.114,1693.359,13900.0,66000.0,96800.0,119500.0,32519.337825959567,3413,3413,0,682.6,0.0,"{""200"": 3413}"
7,prequal,20,1.5,150,0.5,1/2,0,750,30,5,9,2026-07-06T07:49:26.114,1698.359,37300.0,66600.0,96600.0,114500.0,32777.69615045548,3403,3403,0,680.6,0.0,"{""200"": 3403}"
7,prequal,20,1.5,150,0.5,1/2,0,750,30,5,10,2026-07-06T07:49:31.114,1703.359,13400.0,63900.0,92100.0,105800.0,31589.372119815667,3473,3472,1,694.6,0.2,"{""200"": 3472, ""503"": 1}"
7,prequal,20,1.5,150,0.5,1/2,0,750,30,5,11,2026-07-06T07:49:36.114,1708.359,38500.0,65600.0,91700.0,102900.0,32600.43604651163,3440,3440,0,688.0,0.0,"{""200"": 3440}"
7,prequal,20,1.5,150,0.5,1/2,0,750,30,5,12,2026-07-06T07:49:41.114,1713.359,13200.0,62799.99999999999,94300.0,122400.0,31570.214617169375,3449,3448,1,689.8,0.2,"{""200"": 3448, ""503"": 1}"
7,prequal,20,1.5,150,0.5,1/2,0,750,30,5,13,2026-07-06T07:49:46.114,1718.359,14300.0,64699.99999999999,101200.0,125200.0,32727.123608670183,3414,3414,0,682.8,0.0,"{""200"": 3414}"
7,prequal,20,1.5,150,0.5,1/2,0,750,30,5,14,2026-07-06T07:49:51.114,1723.359,13300.0,66200.0,104600.0,120700.0,32523.284457478007,3411,3410,1,682.2,0.2,"{""200"": 3410, ""503"": 1}"
7,prequal,20,1.5,150,0.5,1/2,0,750,30,5,15,2026-07-06T07:49:56.114,1728.359,13800.0,65800.0,103200.0,123100.0,32584.397998233737,3402,3397,5,680.4,1.0,"{""200"": 3397, ""503"": 5}"
7,prequal,20,1.5,150,0.5,1/2,0,750,30,5,16,2026-07-06T07:50:01.114,1733.359,13000.0,64100.00000000001,95000.0,119300.0,31634.601975595582,3444,3442,2,688.8,0.4,"{""200"": 3442, ""503"": 2}"
7,prequal,20,1.5,150,0.5,1/2,0,750,30,5,17,2026-07-06T07:50:06.114,1738.359,13600.0,63700.00000000001,96600.0,114800.0,32203.19303338171,3445,3445,0,689.0,0.0,"{""200"": 3445}"
7,prequal,20,1.5,150,0.5,1/2,0,750,30,5,18,2026-07-06T07:50:11.114,1743.359,13700.0,63700.00000000001,94100.0,115000.0,31952.098408104197,3455,3455,0,691.0,0.0,"{""200"": 3455}"
7,prequal,20,1.5,150,0.5,1/2,0,750,30,5,19,2026-07-06T07:50:16.114,1748.359,13400.0,64500.0,97300.0,124700.0,32307.640515222483,3417,3416,1,683.4,0.2,"{""200"": 3416, ""503"": 1}"
7,prequal,20,1.5,150,0.5,1/2,0,750,30,5,20,2026-07-06T07:50:21.114,1753.359,38600.0,66300.0,97600.0,114600.0,32974.353701527616,3405,3404,1,681.0,0.2,"{""200"": 3404, ""503"": 1}"
7,prequal,20,1.5,150,0.5,1/2,0,750,30,5,21,2026-07-06T07:50:26.114,1758.359,13700.0,65700.0,100800.0,121600.0,32581.876832844573,3412,3410,2,682.4,0.4,"{""200"": 3410, ""503"": 2}"
7,prequal,20,1.5,150,0.5,1/2,0,750,30,5,22,2026-07-06T07:50:31.114,1763.359,13600.0,64500.0,95700.0,118900.0,32213.478893740903,3436,3435,1,687.2,0.2,"{""200"": 3435, ""503"": 1}"
7,prequal,20,1.5,150,0.5,1/2,0,750,30,5,23,2026-07-06T07:50:36.114,1768.359,13000.0,63600.00000000001,92800.0,107100.0,31405.911188004615,3468,3468,0,693.6,0.0,"{""200"": 3468}"
7,prequal,20,1.5,150,0.5,1/2,0,750,30,5,24,2026-07-06T07:50:41.114,1773.359,37700.0,67400.0,102600.0,126200.0,33099.49719018042,3385,3381,4,677.0,0.8,"{""200"": 3381, ""503"": 4}"
7,prequal,20,1.5,150,0.5,1/2,0,750,30,5,25,2026-07-06T07:50:46.114,1778.359,13400.0,63200.00000000001,100900.0,118800.0,31885.166908563137,3447,3445,2,689.4,0.4,"{""200"": 3445, ""503"": 2}"
7,prequal,20,1.5,150,0.5,1/2,0,750,30,5,26,2026-07-06T07:50:51.114,1783.359,13900.0,67300.0,99500.0,129000.0,32754.008810572686,3408,3405,3,681.6,0.6,"{""200"": 3405, ""503"": 3}"
7,prequal,20,1.5,150,0.5,1/2,0,750,30,5,27,2026-07-06T07:50:56.114,1788.359,14400.0,66800.0,101200.0,127700.00000000001,33019.504278548244,3392,3389,3,678.4,0.6,"{""200"": 3389, ""503"": 3}"
7,prequal,20,1.5,150,0.5,1/2,0,750,30,5,28,2026-07-06T07:51:01.114,1793.359,13800.0,67600.0,99600.0,128800.0,32842.705882352944,3403,3400,3,680.6,0.6,"{""200"": 3400, ""503"": 3}"
7,prequal,20,1.5,150,0.5,1/2,0,750,30,5,29,2026-07-06T07:51:06.114,1798.359,39100.0,65500.0,93900.0,113100.0,32756.613756613755,3402,3402,0,680.4,0.0,"{""200"": 3402}"
7,prequal,20,1.5,150,0.5,1/2,0,750,30,5,30,2026-07-06T07:51:11.114,1803.359,13000.0,63400.0,94400.0,119500.0,31262.63768115942,3450,3450,0,690.0,0.0,"{""200"": 3450}"
7,prequal,20,1.5,150,0.5,1/2,0,750,30,5,31,2026-07-06T07:51:16.114,1808.359,12900.0,63100.0,95100.0,130300.0,31163.710144927536,3455,3450,5,691.0,1.0,"{""200"": 3450, ""503"": 5}"
7,prequal,20,1.5,150,0.5,1/2,0,750,30,5,32,2026-07-06T07:51:21.114,1813.359,39000.0,66900.0,103100.0,116000.0,33270.96869462493,3388,3386,2,677.6,0.4,"{""200"": 3386, ""503"": 2}"
7,prequal,20,1.5,150,0.5,1/2,0,750,30,5,33,2026-07-06T07:51:26.114,1818.359,13000.0,61500.0,96700.0,118200.0,30963.141301232445,3491,3489,2,698.2,0.4,"{""200"": 3489, ""503"": 2}"
7,prequal,20,1.5,150,0.5,1/2,0,750,30,5,34,2026-07-06T07:51:31.114,1823.359,14600.0,66000.0,98100.0,118300.0,32575.518550978675,3423,3423,0,684.6,0.0,"{""200"": 3423}"
7,prequal,20,1.5,150,0.5,1/2,0,750,30,5,35,2026-07-06T07:51:36.114,1828.359,13800.0,64299.99999999999,97700.0,124700.0,32265.31505250875,3428,3428,0,685.6,0.0,"{""200"": 3428}"
7,prequal,20,1.5,150,0.5,1/2,0,750,30,5,36,2026-07-06T07:51:41.114,1833.359,15100.0,66500.0,100100.0,123400.0,32777.72218952325,3402,3398,4,680.4,0.8,"{""200"": 3398, ""503"": 4}"
7,prequal,20,1.5,150,0.5,1/2,0,750,30,5,37,2026-07-06T07:51:46.114,1838.359,13700.0,65400.0,102800.0,125400.00000000001,32576.48435214975,3423,3419,4,684.6,0.8,"{""200"": 3419, ""503"": 4}"
7,prequal,20,1.5,150,0.5,1/2,0,750,30,5,38,2026-07-06T07:51:51.114,1843.359,37400.0,66700.0,98200.0,127800.0,32865.86879432624,3387,3384,3,677.4,0.6,"{""200"": 3384, ""503"": 3}"
7,prequal,20,1.5,150,0.5,1/2,0,750,30,5,39,2026-07-06T07:51:56.114,1848.359,13600.0,63299.99999999999,92300.0,129099.99999999999,31906.959283857926,3466,3463,3,693.2,0.6,"{""200"": 3463, ""503"": 3}"
7,prequal,20,1.5,150,0.5,1/2,0,750,30,5,40,2026-07-06T07:52:01.114,1853.359,14000.0,66700.0,100500.0,124600.0,32689.486049926578,3406,3405,1,681.2,0.2,"{""200"": 3405, ""503"": 1}"
7,prequal,20,1.5,150,0.5,1/2,0,750,30,5,41,2026-07-06T07:52:06.114,1858.359,38200.0,65300.0,100000.0,117100.0,32659.976628688284,3423,3423,0,684.6,0.0,"{""200"": 3423}"
7,prequal,20,1.5,150,0.5,1/2,0,750,30,5,42,2026-07-06T07:52:11.114,1863.359,13300.0,65800.0,99000.0,123400.0,32445.71512138052,3420,3419,1,684.0,0.2,"{""200"": 3419, ""503"": 1}"
7,prequal,20,1.5,150,0.5,1/2,0,750,30,5,43,2026-07-06T07:52:16.114,1868.359,15500.0,68000.0,101200.0,121300.0,32965.60189293109,3382,3381,1,676.4,0.2,"{""200"": 3381, ""503"": 1}"
7,prequal,20,1.5,150,0.5,1/2,0,750,30,5,44,2026-07-06T07:52:21.114,1873.359,13200.0,64900.0,103500.0,125800.0,31913.442431326708,3427,3422,5,685.4,1.0,"{""200"": 3422, ""503"": 5}"
7,prequal,20,1.5,150,0.5,1/2,0,750,30,5,45,2026-07-06T07:52:26.114,1878.359,13800.0,63700.00000000001,97100.0,120100.0,32174.78286045165,3454,3454,0,690.8,0.0,"{""200"": 3454}"
7,prequal,20,1.5,150,0.5,1/2,0,750,30,5,46,2026-07-06T07:52:31.114,1883.359,14000.0,64100.00000000001,96400.0,120500.0,32166.783420899006,3426,3426,0,685.2,0.0,"{""200"": 3426}"
7,prequal,20,1.5,150,0.5,1/2,0,750,30,5,47,2026-07-06T07:52:36.114,1888.359,38200.0,65300.0,93600.0,113700.0,32453.39353335275,3438,3433,5,687.6,1.0,"{""200"": 3433, ""503"": 5}"
